{
  "DCAE_lam=0.0035": {
    "n_images": 24,
    "psnr": 30.736245,
    "ssim": 0.908354,
    "ms_ssim": 0.951675,
    "lpips": 0.233654,
    "dists": 0.122497,
    "fsim": 0.953781,
    "gmsd": 0.068864,
    "vif": 0.465664,
    "haarpsi": 0.833841,
    "dss": 0.814972,
    "mdsi": 0.293155,
    "ssimulacra2": 22.877048,
    "bpp": 0.175171,
    "time_ms": 41.797558,
    "energy_net_j": 3.1075
  },
  "DCAE_lam=0.013": {
    "n_images": 24,
    "psnr": 34.408392,
    "ssim": 0.961578,
    "ms_ssim": 0.979796,
    "lpips": 0.116084,
    "dists": 0.065858,
    "fsim": 0.983227,
    "gmsd": 0.026139,
    "vif": 0.582892,
    "haarpsi": 0.927284,
    "dss": 0.94776,
    "mdsi": 0.230772,
    "ssimulacra2": 56.079826,
    "bpp": 0.426194,
    "time_ms": 93.970694,
    "energy_net_j": 2.593133
  },
  "TCM_lam=0.0035": {
    "n_images": 24,
    "psnr": 30.855838,
    "ssim": 0.912043,
    "ms_ssim": 0.953335,
    "lpips": 0.229321,
    "dists": 0.12018,
    "fsim": 0.955458,
    "gmsd": 0.064242,
    "vif": 0.465386,
    "haarpsi": 0.834854,
    "dss": 0.836653,
    "mdsi": 0.289563,
    "ssimulacra2": 24.878374,
    "bpp": 0.203414,
    "time_ms": 38.672928,
    "energy_net_j": 1.671908
  },
  "TCM_lam=0.013": {
    "n_images": 24,
    "psnr": 34.136568,
    "ssim": 0.960815,
    "ms_ssim": 0.979282,
    "lpips": 0.120356,
    "dists": 0.065587,
    "fsim": 0.982874,
    "gmsd": 0.025937,
    "vif": 0.575234,
    "haarpsi": 0.923715,
    "dss": 0.950283,
    "mdsi": 0.231067,
    "ssimulacra2": 55.451249,
    "bpp": 0.453953,
    "time_ms": 39.80641,
    "energy_net_j": 1.342046
  }
}