{
  "ELIC_lam=0.008_forward_pass_only": {
    "pipeline": "forward_pass_only",
    "n_images": 24,
    "psnr": 27.489737,
    "ssim": 0.818147,
    "ms_ssim": 0.897829,
    "lpips": 0.383422,
    "dists": 0.200086,
    "fsim": 0.890569,
    "vif": 0.362068,
    "gmsd": 0.131455,
    "haarpsi": 0.690173,
    "dss": 0.572207,
    "mdsi": 0.343953,
    "ssimulacra2": -19.532972,
    "bpp": 0.072108,
    "file_bytes": 3543.625,
    "time_ms": 15.71733,
    "time_compress_ms": null,
    "time_decompress_ms": null,
    "energy_total_j": 1.688458,
    "energy_net_j": 0.748562,
    "energy_compress_j": null,
    "energy_decompress_j": null,
    "vram_enc_mb": 462.47998,
    "vram_dec_mb": null
  },
  "ELIC_lam=0.008_full_pipeline": {
    "pipeline": "full_pipeline",
    "n_images": 24,
    "psnr": 27.489737,
    "ssim": 0.818147,
    "ms_ssim": 0.897829,
    "lpips": 0.383422,
    "dists": 0.200086,
    "fsim": 0.890569,
    "vif": 0.362068,
    "gmsd": 0.131455,
    "haarpsi": 0.690173,
    "dss": 0.572207,
    "mdsi": 0.343953,
    "ssimulacra2": -19.532972,
    "bpp": 0.073798,
    "file_bytes": 3627.333333,
    "time_ms": 128.611789,
    "time_compress_ms": 79.798783,
    "time_decompress_ms": 48.813007,
    "energy_total_j": 11.840458,
    "energy_net_j": 4.149473,
    "energy_compress_j": 7.4375,
    "energy_decompress_j": 4.402958,
    "vram_enc_mb": 1331.22526,
    "vram_dec_mb": 1401.421875
  },
  "ELIC_lam=0.032_forward_pass_only": {
    "pipeline": "forward_pass_only",
    "n_images": 24,
    "psnr": 30.527446,
    "ssim": 0.907848,
    "ms_ssim": 0.950874,
    "lpips": 0.243043,
    "dists": 0.126348,
    "fsim": 0.953519,
    "vif": 0.457165,
    "gmsd": 0.066354,
    "haarpsi": 0.828555,
    "dss": 0.825322,
    "mdsi": 0.291831,
    "ssimulacra2": 22.599182,
    "bpp": 0.192962,
    "file_bytes": 9483.958333,
    "time_ms": 15.446041,
    "time_compress_ms": null,
    "time_decompress_ms": null,
    "energy_total_j": 2.596875,
    "energy_net_j": 1.673202,
    "energy_compress_j": null,
    "energy_decompress_j": null,
    "vram_enc_mb": 463.428711,
    "vram_dec_mb": null
  },
  "ELIC_lam=0.032_full_pipeline": {
    "pipeline": "full_pipeline",
    "n_images": 24,
    "psnr": 30.527446,
    "ssim": 0.907848,
    "ms_ssim": 0.950874,
    "lpips": 0.243043,
    "dists": 0.126348,
    "fsim": 0.953519,
    "vif": 0.457165,
    "gmsd": 0.066354,
    "haarpsi": 0.828555,
    "dss": 0.825322,
    "mdsi": 0.291831,
    "ssimulacra2": 22.599182,
    "bpp": 0.19516,
    "file_bytes": 9592.5,
    "time_ms": 131.429144,
    "time_compress_ms": 81.151509,
    "time_decompress_ms": 50.277635,
    "energy_total_j": 12.51875,
    "energy_net_j": 4.659287,
    "energy_compress_j": 8.264667,
    "energy_decompress_j": 4.254083,
    "vram_enc_mb": 1332.768392,
    "vram_dec_mb": 1402.720215
  },
  "ELIC_lam=0.150_forward_pass_only": {
    "pipeline": "forward_pass_only",
    "n_images": 24,
    "psnr": 34.490337,
    "ssim": 0.963398,
    "ms_ssim": 0.980654,
    "lpips": 0.115917,
    "dists": 0.060735,
    "fsim": 0.984384,
    "vif": 0.587346,
    "gmsd": 0.023727,
    "haarpsi": 0.930406,
    "dss": 0.953877,
    "mdsi": 0.22562,
    "ssimulacra2": 57.54643,
    "bpp": 0.494093,
    "file_bytes": 24285.125,
    "time_ms": 15.243174,
    "time_compress_ms": null,
    "time_decompress_ms": null,
    "energy_total_j": 2.307583,
    "energy_net_j": 1.396042,
    "energy_compress_j": null,
    "energy_decompress_j": null,
    "vram_enc_mb": 463.443848,
    "vram_dec_mb": null
  },
  "ELIC_lam=0.150_full_pipeline": {
    "pipeline": "full_pipeline",
    "n_images": 24,
    "psnr": 34.490337,
    "ssim": 0.963398,
    "ms_ssim": 0.980654,
    "lpips": 0.115917,
    "dists": 0.060735,
    "fsim": 0.984384,
    "vif": 0.587346,
    "gmsd": 0.023727,
    "haarpsi": 0.930406,
    "dss": 0.953877,
    "mdsi": 0.22562,
    "ssimulacra2": 57.54643,
    "bpp": 0.497328,
    "file_bytes": 24444.666667,
    "time_ms": 133.964771,
    "time_compress_ms": 82.919688,
    "time_decompress_ms": 51.045083,
    "energy_total_j": 13.558417,
    "energy_net_j": 5.547323,
    "energy_compress_j": 8.376792,
    "energy_decompress_j": 5.181625,
    "vram_enc_mb": 1333.49707,
    "vram_dec_mb": 1402.607747
  },
  "ELIC_lam=0.450_forward_pass_only": {
    "pipeline": "forward_pass_only",
    "n_images": 24,
    "psnr": 37.527755,
    "ssim": 0.980993,
    "ms_ssim": 0.989962,
    "lpips": 0.068252,
    "dists": 0.034841,
    "fsim": 0.993114,
    "vif": 0.689217,
    "gmsd": 0.010405,
    "haarpsi": 0.967127,
    "dss": 0.981246,
    "mdsi": 0.184407,
    "ssimulacra2": 72.833822,
    "bpp": 0.860706,
    "file_bytes": 42304.875,
    "time_ms": 15.342485,
    "time_compress_ms": null,
    "time_decompress_ms": null,
    "energy_total_j": 1.300792,
    "energy_net_j": 0.383311,
    "energy_compress_j": null,
    "energy_decompress_j": null,
    "vram_enc_mb": 462.51416,
    "vram_dec_mb": null
  },
  "ELIC_lam=0.450_full_pipeline": {
    "pipeline": "full_pipeline",
    "n_images": 24,
    "psnr": 37.527755,
    "ssim": 0.980993,
    "ms_ssim": 0.989962,
    "lpips": 0.068252,
    "dists": 0.034841,
    "fsim": 0.993114,
    "vif": 0.689217,
    "gmsd": 0.010405,
    "haarpsi": 0.967127,
    "dss": 0.981246,
    "mdsi": 0.184407,
    "ssimulacra2": 72.833822,
    "bpp": 0.865028,
    "file_bytes": 42517.833333,
    "time_ms": 136.791371,
    "time_compress_ms": 84.612625,
    "time_decompress_ms": 52.178746,
    "energy_total_j": 12.033333,
    "energy_net_j": 3.853209,
    "energy_compress_j": 7.376208,
    "energy_decompress_j": 4.657125,
    "vram_enc_mb": 1332.073242,
    "vram_dec_mb": 1402.483398
  },
  "JXL_d=1.0_end_to_end": {
    "pipeline": "end_to_end",
    "n_images": 24,
    "psnr": 37.894871,
    "ssim": 0.983575,
    "ms_ssim": 0.991524,
    "lpips": 0.034514,
    "dists": 0.01347,
    "fsim": 0.997287,
    "vif": 0.778124,
    "gmsd": 0.003867,
    "haarpsi": 0.982478,
    "dss": 0.995443,
    "mdsi": 0.148463,
    "ssimulacra2": 84.161459,
    "bpp": 1.702432,
    "file_bytes": 83677.958333,
    "time_ms": 29.676395,
    "time_compress_ms": 24.685492,
    "time_decompress_ms": 4.990903,
    "energy_total_j": null,
    "energy_net_j": null,
    "energy_compress_j": null,
    "energy_decompress_j": null,
    "vram_enc_mb": 0.0,
    "vram_dec_mb": 0.0
  },
  "JXL_d=12.0_end_to_end": {
    "pipeline": "end_to_end",
    "n_images": 24,
    "psnr": 27.856993,
    "ssim": 0.857497,
    "ms_ssim": 0.926373,
    "lpips": 0.35312,
    "dists": 0.145579,
    "fsim": 0.934993,
    "vif": 0.399572,
    "gmsd": 0.082547,
    "haarpsi": 0.770903,
    "dss": 0.792997,
    "mdsi": 0.310296,
    "ssimulacra2": 15.734132,
    "bpp": 0.236625,
    "file_bytes": 11630.583333,
    "time_ms": 32.867364,
    "time_compress_ms": 20.948114,
    "time_decompress_ms": 11.91925,
    "energy_total_j": null,
    "energy_net_j": null,
    "energy_compress_j": null,
    "energy_decompress_j": null,
    "vram_enc_mb": 0.0,
    "vram_dec_mb": 0.0
  },
  "JXL_d=3.0_end_to_end": {
    "pipeline": "end_to_end",
    "n_images": 24,
    "psnr": 33.257067,
    "ssim": 0.960848,
    "ms_ssim": 0.979289,
    "lpips": 0.104613,
    "dists": 0.041607,
    "fsim": 0.988194,
    "vif": 0.589916,
    "gmsd": 0.017594,
    "haarpsi": 0.934145,
    "dss": 0.974909,
    "mdsi": 0.209425,
    "ssimulacra2": 66.055507,
    "bpp": 0.743846,
    "file_bytes": 36561.541667,
    "time_ms": 26.775073,
    "time_compress_ms": 22.326729,
    "time_decompress_ms": 4.448344,
    "energy_total_j": null,
    "energy_net_j": null,
    "energy_compress_j": null,
    "energy_decompress_j": null,
    "vram_enc_mb": 0.0,
    "vram_dec_mb": 0.0
  },
  "JXL_d=7.0_end_to_end": {
    "pipeline": "end_to_end",
    "n_images": 24,
    "psnr": 29.713035,
    "ssim": 0.907593,
    "ms_ssim": 0.952715,
    "lpips": 0.246909,
    "dists": 0.10336,
    "fsim": 0.962981,
    "vif": 0.475974,
    "gmsd": 0.052146,
    "haarpsi": 0.84559,